a, b, c, d, e
10, 20, 30, 40, 60
1, 11, 21, 31, 58
10, 20, 30, 40, 50
9, 19, 29, 39, 49
8, 18, 28, 38, 48
7, 17, 27, 37, 47
6, 16, 26, 36, 46
5, 15, 25, 35, 45
4, 14, 24, 34, 44
3, 13, 23, 33, 43
2, 12, 22, 32, 42
