a, b, c, d, e
2, 12, 22, 32, 42
3, 13, 23, 33, 43
4, 14, 24, 34, 44
5, 15, 25, 35, 45
6, 16, 26, 36, 46
7, 17, 27, 37, 47
8, 18, 28, 38, 48
9, 19, 29, 39, 49
10, 20, 30, 40, 50
1, 11, 21, 31, 58
10, 20, 30, 40, 60
1, 11, 21, 31, 58
2, 12, 22, 32, 42
3, 13, 23, 33, 43
4, 14, 24, 34, 44
5, 15, 25, 35, 45
6, 16, 26, 36, 46
7, 17, 27, 37, 47
8, 18, 28, 38, 48
9, 19, 29, 39, 49
10, 20, 30, 40, 50
10, 20, 30, 40, 60
22, 22, 22, 1, 3
22, 22, 22, 1, 3
22, 22, 22, 1, 3
